series_id,year,period,period_name,value
CUURS49DSA0,2009,M12,December,225.596
CUURS49DSA0,2009,M10,October,226.277
CUURS49DSA0,2009,M08,August,227.138
CUURS49DSA0,2009,M06,June,227.257
CUURS49DSA0,2009,M04,April,225.918
CUURS49DSA0,2009,M02,February,224.737
CUURS49DSA0,2008,M12,December,222.58
CUURS49DSA0,2008,M10,October,225.915
CUURS49DSA0,2008,M08,August,227.745
CUURS49DSA0,2008,M06,June,228.068
CUURS49DSA0,2008,M04,April,223.196
CUURS49DSA0,2008,M02,February,221.728
CUURS49DSA0,2007,M12,December,218.966
CUURS49DSA0,2007,M10,October,218.427
CUURS49DSA0,2007,M08,August,215.978
CUURS49DSA0,2007,M06,June,215.51
CUURS49DSA0,2007,M04,April,215.767
CUURS49DSA0,2007,M02,February,211.704
CUURS49DSA0,2006,M12,December,209.3
CUURS49DSA0,2006,M10,October,209.8
CUURS49DSA0,2006,M08,August,209.6
CUURS49DSA0,2006,M06,June,208.2
CUURS49DSA0,2006,M04,April,207.4
CUURS49DSA0,2006,M02,February,203.6
CUURS49DSA0,2005,M12,December,200.9
CUURS49DSA0,2005,M10,October,203.3
CUURS49DSA0,2005,M08,August,199.9
CUURS49DSA0,2005,M06,June,199.8
CUURS49DSA0,2005,M04,April,201.3
CUURS49DSA0,2005,M02,February,197.6
CUURS49DSA0,2004,M12,December,195.1
CUURS49DSA0,2004,M10,October,196.5
CUURS49DSA0,2004,M08,August,194.6
CUURS49DSA0,2004,M06,June,195.3
CUURS49DSA0,2004,M04,April,194.3
CUURS49DSA0,2004,M02,February,193.5
CUURS49DSA0,2003,M12,December,191.0
CUURS49DSA0,2003,M10,October,193.7
CUURS49DSA0,2003,M08,August,194.4
CUURS49DSA0,2003,M06,June,191.7
CUURS49DSA0,2003,M04,April,192.3
CUURS49DSA0,2003,M02,February,191.3
CUURS49DSA0,2002,M12,December,190.0
CUURS49DSA0,2002,M10,October,190.9
CUURS49DSA0,2002,M08,August,190.3
CUURS49DSA0,2002,M06,June,189.4
CUURS49DSA0,2002,M04,April,188.8
CUURS49DSA0,2002,M02,February,187.6
CUURS49DSA0,2001,M12,December,186.1
CUURS49DSA0,2001,M10,October,187.9
CUURS49DSA0,2001,M08,August,186.8
CUURS49DSA0,2001,M06,June,186.3
CUURS49DSA0,2001,M04,April,184.2
CUURS49DSA0,2001,M02,February,184.0
CUURS49DSA0,2000,M12,December,181.5
CUURS49DSA0,2000,M10,October,182.1
CUURS49DSA0,2000,M08,August,180.3
CUURS49DSA0,2000,M06,June,179.2
CUURS49DSA0,2000,M04,April,177.8
CUURS49DSA0,2000,M02,February,176.1
CWURS49DSA0,2009,M12,December,220.905
CWURS49DSA0,2009,M10,October,221.339
CWURS49DSA0,2009,M08,August,221.873
CWURS49DSA0,2009,M06,June,221.993
CWURS49DSA0,2009,M04,April,220.208
CWURS49DSA0,2009,M02,February,218.752
CWURS49DSA0,2008,M12,December,216.424
CWURS49DSA0,2008,M10,October,220.687
CWURS49DSA0,2008,M08,August,223.273
CWURS49DSA0,2008,M06,June,223.573
CWURS49DSA0,2008,M04,April,218.483
CWURS49DSA0,2008,M02,February,216.332
CWURS49DSA0,2007,M12,December,214.024
CWURS49DSA0,2007,M10,October,213.107
CWURS49DSA0,2007,M08,August,210.22
CWURS49DSA0,2007,M06,June,210.55
CWURS49DSA0,2007,M04,April,210.388
CWURS49DSA0,2007,M02,February,205.746
CWURS49DSA0,2006,M12,December,204.3
CWURS49DSA0,2006,M10,October,203.9
CWURS49DSA0,2006,M08,August,205.1
CWURS49DSA0,2006,M06,June,203.8
CWURS49DSA0,2006,M04,April,202.5
CWURS49DSA0,2006,M02,February,198.0
CWURS49DSA0,2005,M12,December,196.1
CWURS49DSA0,2005,M10,October,198.6
CWURS49DSA0,2005,M08,August,195.3
CWURS49DSA0,2005,M06,June,194.8
CWURS49DSA0,2005,M04,April,196.2
CWURS49DSA0,2005,M02,February,192.4
CWURS49DSA0,2004,M12,December,190.3
CWURS49DSA0,2004,M10,October,191.6
CWURS49DSA0,2004,M08,August,189.6
CWURS49DSA0,2004,M06,June,190.4
CWURS49DSA0,2004,M04,April,189.1
CWURS49DSA0,2004,M02,February,187.8
CWURS49DSA0,2003,M12,December,185.3
CWURS49DSA0,2003,M10,October,187.8
CWURS49DSA0,2003,M08,August,188.2
CWURS49DSA0,2003,M06,June,185.7
CWURS49DSA0,2003,M04,April,187.0
CWURS49DSA0,2003,M02,February,186.2
CWURS49DSA0,2002,M12,December,184.6
CWURS49DSA0,2002,M10,October,185.5
CWURS49DSA0,2002,M08,August,184.8
CWURS49DSA0,2002,M06,June,184.1
CWURS49DSA0,2002,M04,April,183.6
CWURS49DSA0,2002,M02,February,182.5
CWURS49DSA0,2001,M12,December,181.1
CWURS49DSA0,2001,M10,October,183.1
CWURS49DSA0,2001,M08,August,181.5
CWURS49DSA0,2001,M06,June,181.3
CWURS49DSA0,2001,M04,April,179.4
CWURS49DSA0,2001,M02,February,179.2
CWURS49DSA0,2000,M12,December,177.0
CWURS49DSA0,2000,M10,October,177.5
CWURS49DSA0,2000,M08,August,175.4
CWURS49DSA0,2000,M06,June,174.5
CWURS49DSA0,2000,M04,April,173.3
CWURS49DSA0,2000,M02,February,171.6
CUUR0000SA0,2009,M12,December,215.949
CUUR0000SA0,2009,M11,November,216.33
CUUR0000SA0,2009,M10,October,216.177
CUUR0000SA0,2009,M09,September,215.969
CUUR0000SA0,2009,M08,August,215.834
CUUR0000SA0,2009,M07,July,215.351
CUUR0000SA0,2009,M06,June,215.693
CUUR0000SA0,2009,M05,May,213.856
CUUR0000SA0,2009,M04,April,213.24
CUUR0000SA0,2009,M03,March,212.709
CUUR0000SA0,2009,M02,February,212.193
CUUR0000SA0,2009,M01,January,211.143
CUUR0000SA0,2008,M12,December,210.228
CUUR0000SA0,2008,M11,November,212.425
CUUR0000SA0,2008,M10,October,216.573
CUUR0000SA0,2008,M09,September,218.783
CUUR0000SA0,2008,M08,August,219.086
CUUR0000SA0,2008,M07,July,219.964
CUUR0000SA0,2008,M06,June,218.815
CUUR0000SA0,2008,M05,May,216.632
CUUR0000SA0,2008,M04,April,214.823
CUUR0000SA0,2008,M03,March,213.528
CUUR0000SA0,2008,M02,February,211.693
CUUR0000SA0,2008,M01,January,211.08
CUUR0000SA0,2007,M12,December,210.036
CUUR0000SA0,2007,M11,November,210.177
CUUR0000SA0,2007,M10,October,208.936
CUUR0000SA0,2007,M09,September,208.49
CUUR0000SA0,2007,M08,August,207.917
CUUR0000SA0,2007,M07,July,208.299
CUUR0000SA0,2007,M06,June,208.352
CUUR0000SA0,2007,M05,May,207.949
CUUR0000SA0,2007,M04,April,206.686
CUUR0000SA0,2007,M03,March,205.352
CUUR0000SA0,2007,M02,February,203.499
CUUR0000SA0,2007,M01,January,202.416
CUUR0000SA0,2006,M12,December,201.8
CUUR0000SA0,2006,M11,November,201.5
CUUR0000SA0,2006,M10,October,201.8
CUUR0000SA0,2006,M09,September,202.9
CUUR0000SA0,2006,M08,August,203.9
CUUR0000SA0,2006,M07,July,203.5
CUUR0000SA0,2006,M06,June,202.9
CUUR0000SA0,2006,M05,May,202.5
CUUR0000SA0,2006,M04,April,201.5
CUUR0000SA0,2006,M03,March,199.8
CUUR0000SA0,2006,M02,February,198.7
CUUR0000SA0,2006,M01,January,198.3
CUUR0000SA0,2005,M12,December,196.8
CUUR0000SA0,2005,M11,November,197.6
CUUR0000SA0,2005,M10,October,199.2
CUUR0000SA0,2005,M09,September,198.8
CUUR0000SA0,2005,M08,August,196.4
CUUR0000SA0,2005,M07,July,195.4
CUUR0000SA0,2005,M06,June,194.5
CUUR0000SA0,2005,M05,May,194.4
CUUR0000SA0,2005,M04,April,194.6
CUUR0000SA0,2005,M03,March,193.3
CUUR0000SA0,2005,M02,February,191.8
CUUR0000SA0,2005,M01,January,190.7
CUUR0000SA0,2004,M12,December,190.3
CUUR0000SA0,2004,M11,November,191.0
CUUR0000SA0,2004,M10,October,190.9
CUUR0000SA0,2004,M09,September,189.9
CUUR0000SA0,2004,M08,August,189.5
CUUR0000SA0,2004,M07,July,189.4
CUUR0000SA0,2004,M06,June,189.7
CUUR0000SA0,2004,M05,May,189.1
CUUR0000SA0,2004,M04,April,188.0
CUUR0000SA0,2004,M03,March,187.4
CUUR0000SA0,2004,M02,February,186.2
CUUR0000SA0,2004,M01,January,185.2
CUUR0000SA0,2003,M12,December,184.3
CUUR0000SA0,2003,M11,November,184.5
CUUR0000SA0,2003,M10,October,185.0
CUUR0000SA0,2003,M09,September,185.2
CUUR0000SA0,2003,M08,August,184.6
CUUR0000SA0,2003,M07,July,183.9
CUUR0000SA0,2003,M06,June,183.7
CUUR0000SA0,2003,M05,May,183.5
CUUR0000SA0,2003,M04,April,183.8
CUUR0000SA0,2003,M03,March,184.2
CUUR0000SA0,2003,M02,February,183.1
CUUR0000SA0,2003,M01,January,181.7
CUUR0000SA0,2002,M12,December,180.9
CUUR0000SA0,2002,M11,November,181.3
CUUR0000SA0,2002,M10,October,181.3
CUUR0000SA0,2002,M09,September,181.0
CUUR0000SA0,2002,M08,August,180.7
CUUR0000SA0,2002,M07,July,180.1
CUUR0000SA0,2002,M06,June,179.9
CUUR0000SA0,2002,M05,May,179.8
CUUR0000SA0,2002,M04,April,179.8
CUUR0000SA0,2002,M03,March,178.8
CUUR0000SA0,2002,M02,February,177.8
CUUR0000SA0,2002,M01,January,177.1
CUUR0000SA0,2001,M12,December,176.7
CUUR0000SA0,2001,M11,November,177.4
CUUR0000SA0,2001,M10,October,177.7
CUUR0000SA0,2001,M09,September,178.3
CUUR0000SA0,2001,M08,August,177.5
CUUR0000SA0,2001,M07,July,177.5
CUUR0000SA0,2001,M06,June,178.0
CUUR0000SA0,2001,M05,May,177.7
CUUR0000SA0,2001,M04,April,176.9
CUUR0000SA0,2001,M03,March,176.2
CUUR0000SA0,2001,M02,February,175.8
CUUR0000SA0,2001,M01,January,175.1
CUUR0000SA0,2000,M12,December,174.0
CUUR0000SA0,2000,M11,November,174.1
CUUR0000SA0,2000,M10,October,174.0
CUUR0000SA0,2000,M09,September,173.7
CUUR0000SA0,2000,M08,August,172.8
CUUR0000SA0,2000,M07,July,172.8
CUUR0000SA0,2000,M06,June,172.4
CUUR0000SA0,2000,M05,May,171.5
CUUR0000SA0,2000,M04,April,171.3
CUUR0000SA0,2000,M03,March,171.2
CUUR0000SA0,2000,M02,February,169.8
CUUR0000SA0,2000,M01,January,168.8
CWUR0000SA0,2009,M12,December,211.703
CWUR0000SA0,2009,M11,November,212.003
CWUR0000SA0,2009,M10,October,211.549
CWUR0000SA0,2009,M09,September,211.322
CWUR0000SA0,2009,M08,August,211.156
CWUR0000SA0,2009,M07,July,210.526
CWUR0000SA0,2009,M06,June,210.972
CWUR0000SA0,2009,M05,May,208.774
CWUR0000SA0,2009,M04,April,207.925
CWUR0000SA0,2009,M03,March,207.218
CWUR0000SA0,2009,M02,February,206.708
CWUR0000SA0,2009,M01,January,205.7
CWUR0000SA0,2008,M12,December,204.813
CWUR0000SA0,2008,M11,November,207.296
CWUR0000SA0,2008,M10,October,212.182
CWUR0000SA0,2008,M09,September,214.935
CWUR0000SA0,2008,M08,August,215.247
CWUR0000SA0,2008,M07,July,216.304
CWUR0000SA0,2008,M06,June,215.223
CWUR0000SA0,2008,M05,May,212.788
CWUR0000SA0,2008,M04,April,210.698
CWUR0000SA0,2008,M03,March,209.147
CWUR0000SA0,2008,M02,February,207.254
CWUR0000SA0,2008,M01,January,206.744
CWUR0000SA0,2007,M12,December,205.777
CWUR0000SA0,2007,M11,November,205.891
CWUR0000SA0,2007,M10,October,204.338
CWUR0000SA0,2007,M09,September,203.889
CWUR0000SA0,2007,M08,August,203.199
CWUR0000SA0,2007,M07,July,203.7
CWUR0000SA0,2007,M06,June,203.906
CWUR0000SA0,2007,M05,May,203.661
CWUR0000SA0,2007,M04,April,202.13
CWUR0000SA0,2007,M03,March,200.612
CWUR0000SA0,2007,M02,February,198.544
CWUR0000SA0,2007,M01,January,197.559
CWUR0000SA0,2006,M12,December,197.2
CWUR0000SA0,2006,M11,November,196.8
CWUR0000SA0,2006,M10,October,197.0
CWUR0000SA0,2006,M09,September,198.4
CWUR0000SA0,2006,M08,August,199.6
CWUR0000SA0,2006,M07,July,199.2
CWUR0000SA0,2006,M06,June,198.6
CWUR0000SA0,2006,M05,May,198.2
CWUR0000SA0,2006,M04,April,197.2
CWUR0000SA0,2006,M03,March,195.3
CWUR0000SA0,2006,M02,February,194.2
CWUR0000SA0,2006,M01,January,194.0
CWUR0000SA0,2005,M12,December,192.5
CWUR0000SA0,2005,M11,November,193.4
CWUR0000SA0,2005,M10,October,195.2
CWUR0000SA0,2005,M09,September,195.0
CWUR0000SA0,2005,M08,August,192.1
CWUR0000SA0,2005,M07,July,191.0
CWUR0000SA0,2005,M06,June,190.1
CWUR0000SA0,2005,M05,May,190.0
CWUR0000SA0,2005,M04,April,190.2
CWUR0000SA0,2005,M03,March,188.6
CWUR0000SA0,2005,M02,February,187.3
CWUR0000SA0,2005,M01,January,186.3
CWUR0000SA0,2004,M12,December,186.0
CWUR0000SA0,2004,M11,November,186.8
CWUR0000SA0,2004,M10,October,186.5
CWUR0000SA0,2004,M09,September,185.4
CWUR0000SA0,2004,M08,August,185.0
CWUR0000SA0,2004,M07,July,184.9
CWUR0000SA0,2004,M06,June,185.3
CWUR0000SA0,2004,M05,May,184.7
CWUR0000SA0,2004,M04,April,183.5
CWUR0000SA0,2004,M03,March,182.9
CWUR0000SA0,2004,M02,February,181.9
CWUR0000SA0,2004,M01,January,180.9
CWUR0000SA0,2003,M12,December,179.9
CWUR0000SA0,2003,M11,November,180.2
CWUR0000SA0,2003,M10,October,180.7
CWUR0000SA0,2003,M09,September,181.0
CWUR0000SA0,2003,M08,August,180.3
CWUR0000SA0,2003,M07,July,179.6
CWUR0000SA0,2003,M06,June,179.6
CWUR0000SA0,2003,M05,May,179.4
CWUR0000SA0,2003,M04,April,179.8
CWUR0000SA0,2003,M03,March,180.3
CWUR0000SA0,2003,M02,February,179.2
CWUR0000SA0,2003,M01,January,177.7
CWUR0000SA0,2002,M12,December,177.0
CWUR0000SA0,2002,M11,November,177.4
CWUR0000SA0,2002,M10,October,177.3
CWUR0000SA0,2002,M09,September,177.0
CWUR0000SA0,2002,M08,August,176.6
CWUR0000SA0,2002,M07,July,176.1
CWUR0000SA0,2002,M06,June,175.9
CWUR0000SA0,2002,M05,May,175.8
CWUR0000SA0,2002,M04,April,175.8
CWUR0000SA0,2002,M03,March,174.7
CWUR0000SA0,2002,M02,February,173.7
CWUR0000SA0,2002,M01,January,173.2
CWUR0000SA0,2001,M12,December,172.9
CWUR0000SA0,2001,M11,November,173.7
CWUR0000SA0,2001,M10,October,174.0
CWUR0000SA0,2001,M09,September,174.8
CWUR0000SA0,2001,M08,August,173.8
CWUR0000SA0,2001,M07,July,173.8
CWUR0000SA0,2001,M06,June,174.6
CWUR0000SA0,2001,M05,May,174.4
CWUR0000SA0,2001,M04,April,173.5
CWUR0000SA0,2001,M03,March,172.6
CWUR0000SA0,2001,M02,February,172.4
CWUR0000SA0,2001,M01,January,171.7
CWUR0000SA0,2000,M12,December,170.7
CWUR0000SA0,2000,M11,November,170.9
CWUR0000SA0,2000,M10,October,170.6
CWUR0000SA0,2000,M09,September,170.4
CWUR0000SA0,2000,M08,August,169.3
CWUR0000SA0,2000,M07,July,169.4
CWUR0000SA0,2000,M06,June,169.2
CWUR0000SA0,2000,M05,May,168.2
CWUR0000SA0,2000,M04,April,168.0
CWUR0000SA0,2000,M03,March,167.9
CWUR0000SA0,2000,M02,February,166.5
CWUR0000SA0,2000,M01,January,165.6
CUURS49DSA0,2019,M12,December,279.421
CUURS49DSA0,2019,M10,October,278.682
CUURS49DSA0,2019,M08,August,280.286
CUURS49DSA0,2019,M06,June,278.631
CUURS49DSA0,2019,M04,April,276.765
CUURS49DSA0,2019,M02,February,275.304
CUURS49DSA0,2018,M12,December,273.293
CUURS49DSA0,2018,M10,October,272.805
CUURS49DSA0,2018,M08,August,271.625
CUURS49DSA0,2018,M06,June,272.395
CUURS49DSA0,2018,M04,April,270.309
CUURS49DSA0,2018,M02,February,268.031
CUURS49DSA0,2017,M12,December,265.85
CUURS49DSA0,2017,M10,October,264.653
CUURS49DSA0,2017,M08,August,263.333
CUURS49DSA0,2017,M06,June,263.756
CUURS49DSA0,2017,M04,April,261.56
CUURS49DSA0,2017,M02,February,259.503
CUURS49DSA0,2016,M12,December,256.821
CUURS49DSA0,2016,M10,October,256.941
CUURS49DSA0,2016,M08,August,256.907
CUURS49DSA0,2016,M06,June,256.098
CUURS49DSA0,2016,M04,April,253.815
CUURS49DSA0,2016,M02,February,250.942
CUURS49DSA0,2015,M12,December,250.385
CUURS49DSA0,2015,M10,October,250.831
CUURS49DSA0,2015,M08,August,251.617
CUURS49DSA0,2015,M06,June,251.622
CUURS49DSA0,2015,M04,April,247.611
CUURS49DSA0,2015,M02,February,245.496
CUURS49DSA0,2014,M12,December,245.05
CUURS49DSA0,2014,M10,October,247.854
CUURS49DSA0,2014,M08,August,247.185
CUURS49DSA0,2014,M06,June,247.642
CUURS49DSA0,2014,M04,April,246.616
CUURS49DSA0,2014,M02,February,242.77
CUURS49DSA0,2013,M12,December,241.055
CUURS49DSA0,2013,M10,October,242.787
CUURS49DSA0,2013,M08,August,242.767
CUURS49DSA0,2013,M06,June,242.82
CUURS49DSA0,2013,M04,April,240.823
CUURS49DSA0,2013,M02,February,239.898
CUURS49DSA0,2012,M12,December,237.993
CUURS49DSA0,2012,M10,October,241.355
CUURS49DSA0,2012,M08,August,240.213
CUURS49DSA0,2012,M06,June,239.54
CUURS49DSA0,2012,M04,April,237.931
CUURS49DSA0,2012,M02,February,235.744
CUURS49DSA0,2011,M12,December,234.812
CUURS49DSA0,2011,M10,October,235.916
CUURS49DSA0,2011,M08,August,233.81
CUURS49DSA0,2011,M06,June,233.25
CUURS49DSA0,2011,M04,April,231.314
CUURS49DSA0,2011,M02,February,229.482
CUURS49DSA0,2010,M12,December,226.862
CUURS49DSA0,2010,M10,October,227.251
CUURS49DSA0,2010,M08,August,227.645
CUURS49DSA0,2010,M06,June,226.118
CUURS49DSA0,2010,M04,April,226.513
CUURS49DSA0,2010,M02,February,226.085
CWURS49DSA0,2019,M12,December,274.954
CWURS49DSA0,2019,M10,October,274.358
CWURS49DSA0,2019,M08,August,274.52
CWURS49DSA0,2019,M06,June,273.488
CWURS49DSA0,2019,M04,April,272.393
CWURS49DSA0,2019,M02,February,271.039
CWURS49DSA0,2018,M12,December,269.47
CWURS49DSA0,2018,M10,October,269.719
CWURS49DSA0,2018,M08,August,267.757
CWURS49DSA0,2018,M06,June,268.957
CWURS49DSA0,2018,M04,April,266.72
CWURS49DSA0,2018,M02,February,264.477
CWURS49DSA0,2017,M12,December,262.485
CWURS49DSA0,2017,M10,October,261.218
CWURS49DSA0,2017,M08,August,259.528
CWURS49DSA0,2017,M06,June,259.487
CWURS49DSA0,2017,M04,April,257.648
CWURS49DSA0,2017,M02,February,255.471
CWURS49DSA0,2016,M12,December,252.286
CWURS49DSA0,2016,M10,October,252.639
CWURS49DSA0,2016,M08,August,252.393
CWURS49DSA0,2016,M06,June,251.848
CWURS49DSA0,2016,M04,April,249.396
CWURS49DSA0,2016,M02,February,246.464
CWURS49DSA0,2015,M12,December,246.146
CWURS49DSA0,2015,M10,October,246.307
CWURS49DSA0,2015,M08,August,247.5
CWURS49DSA0,2015,M06,June,246.925
CWURS49DSA0,2015,M04,April,243.165
CWURS49DSA0,2015,M02,February,240.735
CWURS49DSA0,2014,M12,December,240.726
CWURS49DSA0,2014,M10,October,244.289
CWURS49DSA0,2014,M08,August,244.471
CWURS49DSA0,2014,M06,June,244.293
CWURS49DSA0,2014,M04,April,243.69
CWURS49DSA0,2014,M02,February,239.607
CWURS49DSA0,2013,M12,December,238.021
CWURS49DSA0,2013,M10,October,239.363
CWURS49DSA0,2013,M08,August,239.343
CWURS49DSA0,2013,M06,June,238.963
CWURS49DSA0,2013,M04,April,237.405
CWURS49DSA0,2013,M02,February,236.542
CWURS49DSA0,2012,M12,December,234.588
CWURS49DSA0,2012,M10,October,237.947
CWURS49DSA0,2012,M08,August,236.75
CWURS49DSA0,2012,M06,June,236.222
CWURS49DSA0,2012,M04,April,234.808
CWURS49DSA0,2012,M02,February,232.081
CWURS49DSA0,2011,M12,December,231.297
CWURS49DSA0,2011,M10,October,232.697
CWURS49DSA0,2011,M08,August,230.558
CWURS49DSA0,2011,M06,June,230.072
CWURS49DSA0,2011,M04,April,228.313
CWURS49DSA0,2011,M02,February,225.79
CWURS49DSA0,2010,M12,December,222.853
CWURS49DSA0,2010,M10,October,223.112
CWURS49DSA0,2010,M08,August,223.444
CWURS49DSA0,2010,M06,June,221.857
CWURS49DSA0,2010,M04,April,222.309
CWURS49DSA0,2010,M02,February,221.215
CUUR0000SA0,2019,M12,December,256.974
CUUR0000SA0,2019,M11,November,257.208
CUUR0000SA0,2019,M10,October,257.346
CUUR0000SA0,2019,M09,September,256.759
CUUR0000SA0,2019,M08,August,256.558
CUUR0000SA0,2019,M07,July,256.571
CUUR0000SA0,2019,M06,June,256.143
CUUR0000SA0,2019,M05,May,256.092
CUUR0000SA0,2019,M04,April,255.548
CUUR0000SA0,2019,M03,March,254.202
CUUR0000SA0,2019,M02,February,252.776
CUUR0000SA0,2019,M01,January,251.712
CUUR0000SA0,2018,M12,December,251.233
CUUR0000SA0,2018,M11,November,252.038
CUUR0000SA0,2018,M10,October,252.885
CUUR0000SA0,2018,M09,September,252.439
CUUR0000SA0,2018,M08,August,252.146
CUUR0000SA0,2018,M07,July,252.006
CUUR0000SA0,2018,M06,June,251.989
CUUR0000SA0,2018,M05,May,251.588
CUUR0000SA0,2018,M04,April,250.546
CUUR0000SA0,2018,M03,March,249.554
CUUR0000SA0,2018,M02,February,248.991
CUUR0000SA0,2018,M01,January,247.867
CUUR0000SA0,2017,M12,December,246.524
CUUR0000SA0,2017,M11,November,246.669
CUUR0000SA0,2017,M10,October,246.663
CUUR0000SA0,2017,M09,September,246.819
CUUR0000SA0,2017,M08,August,245.519
CUUR0000SA0,2017,M07,July,244.786
CUUR0000SA0,2017,M06,June,244.955
CUUR0000SA0,2017,M05,May,244.733
CUUR0000SA0,2017,M04,April,244.524
CUUR0000SA0,2017,M03,March,243.801
CUUR0000SA0,2017,M02,February,243.603
CUUR0000SA0,2017,M01,January,242.839
CUUR0000SA0,2016,M12,December,241.432
CUUR0000SA0,2016,M11,November,241.353
CUUR0000SA0,2016,M10,October,241.729
CUUR0000SA0,2016,M09,September,241.428
CUUR0000SA0,2016,M08,August,240.849
CUUR0000SA0,2016,M07,July,240.628
CUUR0000SA0,2016,M06,June,241.018
CUUR0000SA0,2016,M05,May,240.229
CUUR0000SA0,2016,M04,April,239.261
CUUR0000SA0,2016,M03,March,238.132
CUUR0000SA0,2016,M02,February,237.111
CUUR0000SA0,2016,M01,January,236.916
CUUR0000SA0,2015,M12,December,236.525
CUUR0000SA0,2015,M11,November,237.336
CUUR0000SA0,2015,M10,October,237.838
CUUR0000SA0,2015,M09,September,237.945
CUUR0000SA0,2015,M08,August,238.316
CUUR0000SA0,2015,M07,July,238.654
CUUR0000SA0,2015,M06,June,238.638
CUUR0000SA0,2015,M05,May,237.805
CUUR0000SA0,2015,M04,April,236.599
CUUR0000SA0,2015,M03,March,236.119
CUUR0000SA0,2015,M02,February,234.722
CUUR0000SA0,2015,M01,January,233.707
CUUR0000SA0,2014,M12,December,234.812
CUUR0000SA0,2014,M11,November,236.151
CUUR0000SA0,2014,M10,October,237.433
CUUR0000SA0,2014,M09,September,238.031
CUUR0000SA0,2014,M08,August,237.852
CUUR0000SA0,2014,M07,July,238.25
CUUR0000SA0,2014,M06,June,238.343
CUUR0000SA0,2014,M05,May,237.9
CUUR0000SA0,2014,M04,April,237.072
CUUR0000SA0,2014,M03,March,236.293
CUUR0000SA0,2014,M02,February,234.781
CUUR0000SA0,2014,M01,January,233.916
CUUR0000SA0,2013,M12,December,233.049
CUUR0000SA0,2013,M11,November,233.069
CUUR0000SA0,2013,M10,October,233.546
CUUR0000SA0,2013,M09,September,234.149
CUUR0000SA0,2013,M08,August,233.877
CUUR0000SA0,2013,M07,July,233.596
CUUR0000SA0,2013,M06,June,233.504
CUUR0000SA0,2013,M05,May,232.945
CUUR0000SA0,2013,M04,April,232.531
CUUR0000SA0,2013,M03,March,232.773
CUUR0000SA0,2013,M02,February,232.166
CUUR0000SA0,2013,M01,January,230.28
CUUR0000SA0,2012,M12,December,229.601
CUUR0000SA0,2012,M11,November,230.221
CUUR0000SA0,2012,M10,October,231.317
CUUR0000SA0,2012,M09,September,231.407
CUUR0000SA0,2012,M08,August,230.379
CUUR0000SA0,2012,M07,July,229.104
CUUR0000SA0,2012,M06,June,229.478
CUUR0000SA0,2012,M05,May,229.815
CUUR0000SA0,2012,M04,April,230.085
CUUR0000SA0,2012,M03,March,229.392
CUUR0000SA0,2012,M02,February,227.663
CUUR0000SA0,2012,M01,January,226.665
CUUR0000SA0,2011,M12,December,225.672
CUUR0000SA0,2011,M11,November,226.23
CUUR0000SA0,2011,M10,October,226.421
CUUR0000SA0,2011,M09,September,226.889
CUUR0000SA0,2011,M08,August,226.545
CUUR0000SA0,2011,M07,July,225.922
CUUR0000SA0,2011,M06,June,225.722
CUUR0000SA0,2011,M05,May,225.964
CUUR0000SA0,2011,M04,April,224.906
CUUR0000SA0,2011,M03,March,223.467
CUUR0000SA0,2011,M02,February,221.309
CUUR0000SA0,2011,M01,January,220.223
CUUR0000SA0,2010,M12,December,219.179
CUUR0000SA0,2010,M11,November,218.803
CUUR0000SA0,2010,M10,October,218.711
CUUR0000SA0,2010,M09,September,218.439
CUUR0000SA0,2010,M08,August,218.312
CUUR0000SA0,2010,M07,July,218.011
CUUR0000SA0,2010,M06,June,217.965
CUUR0000SA0,2010,M05,May,218.178
CUUR0000SA0,2010,M04,April,218.009
CUUR0000SA0,2010,M03,March,217.631
CUUR0000SA0,2010,M02,February,216.741
CUUR0000SA0,2010,M01,January,216.687
CWUR0000SA0,2019,M12,December,250.452
CWUR0000SA0,2019,M11,November,250.644
CWUR0000SA0,2019,M10,October,250.894
CWUR0000SA0,2019,M09,September,250.251
CWUR0000SA0,2019,M08,August,250.112
CWUR0000SA0,2019,M07,July,250.236
CWUR0000SA0,2019,M06,June,249.747
CWUR0000SA0,2019,M05,May,249.871
CWUR0000SA0,2019,M04,April,249.332
CWUR0000SA0,2019,M03,March,247.768
CWUR0000SA0,2019,M02,February,246.218
CWUR0000SA0,2019,M01,January,245.133
CWUR0000SA0,2018,M12,December,244.786
CWUR0000SA0,2018,M11,November,245.933
CWUR0000SA0,2018,M10,October,247.038
CWUR0000SA0,2018,M09,September,246.565
CWUR0000SA0,2018,M08,August,246.336
CWUR0000SA0,2018,M07,July,246.155
CWUR0000SA0,2018,M06,June,246.196
CWUR0000SA0,2018,M05,May,245.77
CWUR0000SA0,2018,M04,April,244.607
CWUR0000SA0,2018,M03,March,243.463
CWUR0000SA0,2018,M02,February,242.988
CWUR0000SA0,2018,M01,January,241.919
CWUR0000SA0,2017,M12,December,240.526
CWUR0000SA0,2017,M11,November,240.666
CWUR0000SA0,2017,M10,October,240.573
CWUR0000SA0,2017,M09,September,240.939
CWUR0000SA0,2017,M08,August,239.448
CWUR0000SA0,2017,M07,July,238.617
CWUR0000SA0,2017,M06,June,238.813
CWUR0000SA0,2017,M05,May,238.609
CWUR0000SA0,2017,M04,April,238.432
CWUR0000SA0,2017,M03,March,237.656
CWUR0000SA0,2017,M02,February,237.477
CWUR0000SA0,2017,M01,January,236.854
CWUR0000SA0,2016,M12,December,235.39
CWUR0000SA0,2016,M11,November,235.215
CWUR0000SA0,2016,M10,October,235.732
CWUR0000SA0,2016,M09,September,235.495
CWUR0000SA0,2016,M08,August,234.904
CWUR0000SA0,2016,M07,July,234.771
CWUR0000SA0,2016,M06,June,235.289
CWUR0000SA0,2016,M05,May,234.436
CWUR0000SA0,2016,M04,April,233.438
CWUR0000SA0,2016,M03,March,232.209
CWUR0000SA0,2016,M02,February,230.972
CWUR0000SA0,2016,M01,January,231.061
CWUR0000SA0,2015,M12,December,230.791
CWUR0000SA0,2015,M11,November,231.721
CWUR0000SA0,2015,M10,October,232.373
CWUR0000SA0,2015,M09,September,232.661
CWUR0000SA0,2015,M08,August,233.366
CWUR0000SA0,2015,M07,July,233.806
CWUR0000SA0,2015,M06,June,233.804
CWUR0000SA0,2015,M05,May,232.908
CWUR0000SA0,2015,M04,April,231.52
CWUR0000SA0,2015,M03,March,231.055
CWUR0000SA0,2015,M02,February,229.421
CWUR0000SA0,2015,M01,January,228.294
CWUR0000SA0,2014,M12,December,229.909
CWUR0000SA0,2014,M11,November,231.551
CWUR0000SA0,2014,M10,October,233.229
CWUR0000SA0,2014,M09,September,234.17
CWUR0000SA0,2014,M08,August,234.03
CWUR0000SA0,2014,M07,July,234.525
CWUR0000SA0,2014,M06,June,234.702
CWUR0000SA0,2014,M05,May,234.216
CWUR0000SA0,2014,M04,April,233.443
CWUR0000SA0,2014,M03,March,232.56
CWUR0000SA0,2014,M02,February,230.871
CWUR0000SA0,2014,M01,January,230.04
CWUR0000SA0,2013,M12,December,229.174
CWUR0000SA0,2013,M11,November,229.133
CWUR0000SA0,2013,M10,October,229.735
CWUR0000SA0,2013,M09,September,230.537
CWUR0000SA0,2013,M08,August,230.359
CWUR0000SA0,2013,M07,July,230.084
CWUR0000SA0,2013,M06,June,230.002
CWUR0000SA0,2013,M05,May,229.399
CWUR0000SA0,2013,M04,April,228.949
CWUR0000SA0,2013,M03,March,229.323
CWUR0000SA0,2013,M02,February,228.677
CWUR0000SA0,2013,M01,January,226.52
CWUR0000SA0,2012,M12,December,225.889
CWUR0000SA0,2012,M11,November,226.595
CWUR0000SA0,2012,M10,October,227.974
CWUR0000SA0,2012,M09,September,228.184
CWUR0000SA0,2012,M08,August,227.056
CWUR0000SA0,2012,M07,July,225.568
CWUR0000SA0,2012,M06,June,226.036
CWUR0000SA0,2012,M05,May,226.6
CWUR0000SA0,2012,M04,April,227.012
CWUR0000SA0,2012,M03,March,226.304
CWUR0000SA0,2012,M02,February,224.317
CWUR0000SA0,2012,M01,January,223.216
CWUR0000SA0,2011,M12,December,222.166
CWUR0000SA0,2011,M11,November,222.813
CWUR0000SA0,2011,M10,October,223.043
CWUR0000SA0,2011,M09,September,223.688
CWUR0000SA0,2011,M08,August,223.326
CWUR0000SA0,2011,M07,July,222.686
CWUR0000SA0,2011,M06,June,222.522
CWUR0000SA0,2011,M05,May,222.954
CWUR0000SA0,2011,M04,April,221.743
CWUR0000SA0,2011,M03,March,220.024
CWUR0000SA0,2011,M02,February,217.535
CWUR0000SA0,2011,M01,January,216.4
CWUR0000SA0,2010,M12,December,215.262
CWUR0000SA0,2010,M11,November,214.75
CWUR0000SA0,2010,M10,October,214.623
CWUR0000SA0,2010,M09,September,214.306
CWUR0000SA0,2010,M08,August,214.205
CWUR0000SA0,2010,M07,July,213.898
CWUR0000SA0,2010,M06,June,213.839
CWUR0000SA0,2010,M05,May,214.124
CWUR0000SA0,2010,M04,April,213.958
CWUR0000SA0,2010,M03,March,213.525
CWUR0000SA0,2010,M02,February,212.544
CWUR0000SA0,2010,M01,January,212.568
CUURS49DSA0,2024,M12,December,354.348
CUURS49DSA0,2024,M10,October,356.212
CUURS49DSA0,2024,M08,August,355.179
CUURS49DSA0,2024,M06,June,354.824
CUURS49DSA0,2024,M04,April,353.503
CUURS49DSA0,2024,M02,February,349.288
CUURS49DSA0,2023,M12,December,344.982
CUURS49DSA0,2023,M10,October,345.992
CUURS49DSA0,2023,M08,August,344.449
CUURS49DSA0,2023,M06,June,341.734
CUURS49DSA0,2023,M04,April,338.487
CUURS49DSA0,2023,M02,February,334.987
CUURS49DSA0,2022,M12,December,330.489
CUURS49DSA0,2022,M10,October,330.173
CUURS49DSA0,2022,M08,August,326.796
CUURS49DSA0,2022,M06,June,326.656
CUURS49DSA0,2022,M04,April,316.525
CUURS49DSA0,2022,M02,February,310.078
CUURS49DSA0,2021,M12,December,304.856
CUURS49DSA0,2021,M10,October,303.099
CUURS49DSA0,2021,M08,August,299.704
CUURS49DSA0,2021,M06,June,296.573
CUURS49DSA0,2021,M04,April,290.068
CUURS49DSA0,2021,M02,February,286.95
CUURS49DSA0,2020,M12,December,283.409
CUURS49DSA0,2020,M10,October,284.505
CUURS49DSA0,2020,M08,August,284.905
CUURS49DSA0,2020,M06,June,281.055
CUURS49DSA0,2020,M04,April,280.484
CUURS49DSA0,2020,M02,February,282.115
CWURS49DSA0,2024,M12,December,348.575
CWURS49DSA0,2024,M10,October,349.417
CWURS49DSA0,2024,M08,August,349.156
CWURS49DSA0,2024,M06,June,348.323
CWURS49DSA0,2024,M04,April,347.039
CWURS49DSA0,2024,M02,February,342.387
CWURS49DSA0,2023,M12,December,338.852
CWURS49DSA0,2023,M10,October,340.263
CWURS49DSA0,2023,M08,August,339.034
CWURS49DSA0,2023,M06,June,336.135
CWURS49DSA0,2023,M04,April,332.082
CWURS49DSA0,2023,M02,February,328.615
CWURS49DSA0,2022,M12,December,324.906
CWURS49DSA0,2022,M10,October,325.897
CWURS49DSA0,2022,M08,August,322.664
CWURS49DSA0,2022,M06,June,321.626
CWURS49DSA0,2022,M04,April,310.928
CWURS49DSA0,2022,M02,February,305.702
CWURS49DSA0,2021,M12,December,301.139
CWURS49DSA0,2021,M10,October,297.873
CWURS49DSA0,2021,M08,August,295.41
CWURS49DSA0,2021,M06,June,293.607
CWURS49DSA0,2021,M04,April,286.7
CWURS49DSA0,2021,M02,February,282.795
CWURS49DSA0,2020,M12,December,279.308
CWURS49DSA0,2020,M10,October,280.152
CWURS49DSA0,2020,M08,August,281.131
CWURS49DSA0,2020,M06,June,276.244
CWURS49DSA0,2020,M04,April,276.427
CWURS49DSA0,2020,M02,February,278.081
CUUR0000SA0,2024,M12,December,315.605
CUUR0000SA0,2024,M11,November,315.493
CUUR0000SA0,2024,M10,October,315.664
CUUR0000SA0,2024,M09,September,315.301
CUUR0000SA0,2024,M08,August,314.796
CUUR0000SA0,2024,M07,July,314.54
CUUR0000SA0,2024,M06,June,314.175
CUUR0000SA0,2024,M05,May,314.069
CUUR0000SA0,2024,M04,April,313.548
CUUR0000SA0,2024,M03,March,312.332
CUUR0000SA0,2024,M02,February,310.326
CUUR0000SA0,2024,M01,January,308.417
CUUR0000SA0,2023,M12,December,306.746
CUUR0000SA0,2023,M11,November,307.051
CUUR0000SA0,2023,M10,October,307.671
CUUR0000SA0,2023,M09,September,307.789
CUUR0000SA0,2023,M08,August,307.026
CUUR0000SA0,2023,M07,July,305.691
CUUR0000SA0,2023,M06,June,305.109
CUUR0000SA0,2023,M05,May,304.127
CUUR0000SA0,2023,M04,April,303.363
CUUR0000SA0,2023,M03,March,301.836
CUUR0000SA0,2023,M02,February,300.84
CUUR0000SA0,2023,M01,January,299.17
CUUR0000SA0,2022,M12,December,296.797
CUUR0000SA0,2022,M11,November,297.711
CUUR0000SA0,2022,M10,October,298.012
CUUR0000SA0,2022,M09,September,296.808
CUUR0000SA0,2022,M08,August,296.171
CUUR0000SA0,2022,M07,July,296.276
CUUR0000SA0,2022,M06,June,296.311
CUUR0000SA0,2022,M05,May,292.296
CUUR0000SA0,2022,M04,April,289.109
CUUR0000SA0,2022,M03,March,287.504
CUUR0000SA0,2022,M02,February,283.716
CUUR0000SA0,2022,M01,January,281.148
CUUR0000SA0,2021,M12,December,278.802
CUUR0000SA0,2021,M11,November,277.948
CUUR0000SA0,2021,M10,October,276.589
CUUR0000SA0,2021,M09,September,274.31
CUUR0000SA0,2021,M08,August,273.567
CUUR0000SA0,2021,M07,July,273.003
CUUR0000SA0,2021,M06,June,271.696
CUUR0000SA0,2021,M05,May,269.195
CUUR0000SA0,2021,M04,April,267.054
CUUR0000SA0,2021,M03,March,264.877
CUUR0000SA0,2021,M02,February,263.014
CUUR0000SA0,2021,M01,January,261.582
CUUR0000SA0,2020,M12,December,260.474
CUUR0000SA0,2020,M11,November,260.229
CUUR0000SA0,2020,M10,October,260.388
CUUR0000SA0,2020,M09,September,260.28
CUUR0000SA0,2020,M08,August,259.918
CUUR0000SA0,2020,M07,July,259.101
CUUR0000SA0,2020,M06,June,257.797
CUUR0000SA0,2020,M05,May,256.394
CUUR0000SA0,2020,M04,April,256.389
CUUR0000SA0,2020,M03,March,258.115
CUUR0000SA0,2020,M02,February,258.678
CUUR0000SA0,2020,M01,January,257.971
CWUR0000SA0,2024,M12,December,309.067
CWUR0000SA0,2024,M11,November,308.998
CWUR0000SA0,2024,M10,October,309.358
CWUR0000SA0,2024,M09,September,309.046
CWUR0000SA0,2024,M08,August,308.64
CWUR0000SA0,2024,M07,July,308.501
CWUR0000SA0,2024,M06,June,308.054
CWUR0000SA0,2024,M05,May,308.163
CWUR0000SA0,2024,M04,April,307.811
CWUR0000SA0,2024,M03,March,306.502
CWUR0000SA0,2024,M02,February,304.284
CWUR0000SA0,2024,M01,January,302.201
CWUR0000SA0,2023,M12,December,300.728
CWUR0000SA0,2023,M11,November,301.224
CWUR0000SA0,2023,M10,October,302.071
CWUR0000SA0,2023,M09,September,302.257
CWUR0000SA0,2023,M08,August,301.551
CWUR0000SA0,2023,M07,July,299.899
CWUR0000SA0,2023,M06,June,299.394
CWUR0000SA0,2023,M05,May,298.382
CWUR0000SA0,2023,M04,April,297.73
CWUR0000SA0,2023,M03,March,296.021
CWUR0000SA0,2023,M02,February,295.057
CWUR0000SA0,2023,M01,January,293.565
CWUR0000SA0,2022,M12,December,291.051
CWUR0000SA0,2022,M11,November,292.495
CWUR0000SA0,2022,M10,October,293.003
CWUR0000SA0,2022,M09,September,291.854
CWUR0000SA0,2022,M08,August,291.629
CWUR0000SA0,2022,M07,July,292.219
CWUR0000SA0,2022,M06,June,292.542
CWUR0000SA0,2022,M05,May,288.022
CWUR0000SA0,2022,M04,April,284.575
CWUR0000SA0,2022,M03,March,283.176
CWUR0000SA0,2022,M02,February,278.943
CWUR0000SA0,2022,M01,January,276.296
CWUR0000SA0,2021,M12,December,273.925
CWUR0000SA0,2021,M11,November,273.042
CWUR0000SA0,2021,M10,October,271.552
CWUR0000SA0,2021,M09,September,269.086
CWUR0000SA0,2021,M08,August,268.387
CWUR0000SA0,2021,M07,July,267.789
CWUR0000SA0,2021,M06,June,266.412
CWUR0000SA0,2021,M05,May,263.612
CWUR0000SA0,2021,M04,April,261.237
CWUR0000SA0,2021,M03,March,258.935
CWUR0000SA0,2021,M02,February,256.843
CWUR0000SA0,2021,M01,January,255.296
CWUR0000SA0,2020,M12,December,254.081
CWUR0000SA0,2020,M11,November,253.826
CWUR0000SA0,2020,M10,October,254.076
CWUR0000SA0,2020,M09,September,254.004
CWUR0000SA0,2020,M08,August,253.597
CWUR0000SA0,2020,M07,July,252.636
CWUR0000SA0,2020,M06,June,251.054
CWUR0000SA0,2020,M05,May,249.521
CWUR0000SA0,2020,M04,April,249.515
CWUR0000SA0,2020,M03,March,251.375
CWUR0000SA0,2020,M02,February,251.935
CWUR0000SA0,2020,M01,January,251.361
